{"Gone Girl": [0.14, 0.19857142857142857], "Iron Man": [0.11857142857142858, 0.15857142857142856], "High Life": [0.5071428571428571, 0.8628571428571429], "Deadpool": [0.14, 0.19857142857142857], "Thor: The Dark World": [-0.18571428571428572, 0.2], "London Fields": [0.3385714285714286, 1.3685714285714285], "Smallfoot": [0.24285714285714285, 0.22142857142857142], "Suburbicon": [0.12428571428571429, 0.25857142857142856], "Doctor Strange": [-0.3628571428571429, 0.6657142857142857], "Bumblebee": [0.18428571428571427, 0.2357142857142857], "The Cold Light of Day": [-0.28285714285714286, 6.041428571428572], "Tell It to the Bees": [0.24142857142857144, 0.63], "Pathfinder": [0.24142857142857144, 0.37857142857142856], "Adrift": [0.15714285714285714, 0.7357142857142858], "Kill the Messenger": [0.037142857142857144, 0.8628571428571429], "Upgrade": [0.36428571428571427, 0.24714285714285714], "The Smurfs 2": [0.18, 0.37285714285714283], "Eighth Grade": [0.37285714285714283, 1.0057142857142858], "The Highwaymen": [0.30428571428571427, 0.23285714285714285], "Replicas": [0.2642857142857143, 3.2285714285714286], "The Avengers": [0.33285714285714285, 0.21428571428571427], "Spider-Man: Into the Spider-Verse": [0.30714285714285716, 1.947142857142857], "Jurassic World: Fallen Kingdom": [0.13857142857142857, 0.8857142857142857], "Glass": [0.24, 0.12428571428571429], "Deadpool 2": [0.20285714285714285, 0.3742857142857143], "Harry Potter and the Philosopher's Stone": [0.24142857142857144, 0.6971428571428572], "Instant Family": [0.33714285714285713, 0.17], "Inception": [0.24571428571428572, 0.6771428571428572], "Veronica Mars": [0.3914285714285714, 0.18142857142857144], "Legend": [0.21, 0.06857142857142857], "The Prodigy": [0.14142857142857143, 0.4042857142857143], "Den of Thieves": [0.16857142857142857, 0.4328571428571429], "Terminator Genisys": [0.15571428571428572, 0.4928571428571429], "Bird Box": [0.12285714285714286, 0.23], "Thor": [0.14714285714285713, 0.041428571428571426], "The Wind That Shakes the Barley": [0.20714285714285716, 2.6357142857142857], "Loving Vincent": [0.8657142857142858, 0.9728571428571429], "Aquaman": [0.14857142857142858, 0.2914285714285714], "The Water Horse": [0.26142857142857145, 0.5928571428571429], "The Equalizer 2": [0.13857142857142857, 0.48714285714285716], "Roma": [0.08428571428571428, 0.3628571428571429], "Pet Sematary": [0.24571428571428572, 0.5571428571428572], "Little Women": [-0.15285714285714286, 0.86], "Tale of Tales": [0.2857142857142857, 2.4042857142857144], "Outlaw King": [0.16428571428571428, 0.6971428571428572], "Captain Marvel": [0.19142857142857142, 0.10285714285714286], "The Lego Movie 2: The Second Part": [0.7442857142857143, 0.49714285714285716], "The Wandering Earth": [0.23285714285714285, 0.6185714285714285], "Holmes & Watson": [0.23714285714285716, 0.26857142857142857], "Scooby-Doo 2: Monsters Unleashed": [0.27285714285714285, 1.3985714285714286], "Triple Threat": [0.3242857142857143, 5.438571428571429], "The Ring Two": [0.42, 1.1028571428571428], "Raw": [-0.17142857142857143, 0.24142857142857144], "Black Panther": [-0.2814285714285714, 0.2714285714285714], "Pitch Perfect 3": [0.9428571428571428, 5.508571428571429], "Ben Is Back": [0.19, 0.9671428571428572], "The Silence": [0.14285714285714285, 0.48142857142857143], "Fighting with My Family": [0.31285714285714283, 0.48428571428571426], "Mile 22": [0.2742857142857143, 0.66], "Saw: The Final Chapter": [0.38571428571428573, 0.59], "Johnny English Strikes Again": [0.3414285714285714, 0.13142857142857142], "What Men Want": [0.35285714285714287, 0.6314285714285715], "Bad Times at the El Royale": [-0.6128571428571429, 0.6285714285714286], "The Lord of the Rings: The Return of the King": [0.15428571428571428, 8.49], "Force Majeure": [0.16428571428571428, 0.5714285714285714], "Overlord": [0.16428571428571428, 0.28714285714285714], "Jigsaw": [0.19, 0.20857142857142857], "Mandy": [0.1957142857142857, 0.07142857142857142], "Venom": [0.11857142857142858, 0.10571428571428572], "Wrong Turn 2: Dead End": [-0.8628571428571429, 0.2357142857142857], "The Predator": [0.1742857142857143, 1.3871428571428572], "Odd Thomas": [-0.09428571428571429, 0.15571428571428572], "Wonder Woman": [0.25285714285714284, 0.21428571428571427], "Don't Say a Word": [0.1, 0.9671428571428572], "Goosebumps 2: Haunted Halloween": [0.5, 0.07714285714285714], "Bohemian Rhapsody": [0.20714285714285716, 0.28285714285714286], "The Nutcracker and the Four Realms": [0.36, 0.6657142857142857], "Guardians of the Galaxy Vol. 2": [0.25857142857142856, 0.4], "13 Sins": [0.12428571428571429, 0.30714285714285716], "The Man Who Knew Too Much": [0.8228571428571428, 1.7814285714285714], "Tomb Raider": [0.21714285714285714, 0.3585714285714286], "Ladder 49": [0.3057142857142857, 0.2642857142857143], "The Possession of Hannah Grace": [0.03, 0.43714285714285717], "Dumbo": [0.11142857142857143, 0.33], "First Man": [0.7585714285714286, 8.531428571428572], "Twilight": [0.1457142857142857, 0.13285714285714287], "Batman v Superman: Dawn of Justice": [0.1357142857142857, 2.132857142857143], "Rough Night": [-0.3357142857142857, 1.1214285714285714], "Friends with Kids": [0.40714285714285714, 0.41], "The Maze Runner": [0.20857142857142857, 2.307142857142857], "The Lord of the Rings: The Two Towers": [0.11857142857142858, 0.9542857142857143], "Ready Player One": [0.7557142857142857, 0.30428571428571427], "John Wick": [0.22857142857142856, 0.5528571428571428], "Miss Bala": [0.24857142857142858, 0.24], "Us": [0.26571428571428574, 0.06], "Annihilation": [0.12285714285714286, 2.107142857142857], "Taken 3": [0.1957142857142857, 1.1757142857142857], "The Meg": [0.21857142857142858, 0.4257142857142857], "Transsiberian": [0.27, 1.292857142857143], "Trainspotting": [0.10285714285714286, 0.4957142857142857], "15 Minutes": [0.10857142857142857, 0.2557142857142857], "Secret in Their Eyes": [-0.5014285714285714, 2.19], "Shaun the Sheep Movie": [0.25, 1.4942857142857142], "Anthropoid": [0.22, 1.0985714285714285], "Maggie": [0.1757142857142857, 0.2985714285714286], "The First Purge": [0.7514285714285714, 0.4714285714285714], "POK\u00c9MON Detective Pikachu": [0.39714285714285713, 1.3485714285714285], "The Paperboy": [0.20142857142857143, 2.775714285714286], "If Beale Street Could Talk": [0.30714285714285716, 0.3242857142857143], "Personal Shopper": [0.3057142857142857, 0.22], "A Wrinkle in Time": [0.2557142857142857, 0.4014285714285714], "The Incredible Hulk": [0.8957142857142857, 0.24857142857142858], "Breakthrough": [0.5971428571428572, 0.19857142857142857], "Die Hard": [-0.14142857142857143, 0.47], "Widows": [0.2342857142857143, 0.7414285714285714], "Anon": [0.18, 0.17], "Edge of Tomorrow": [0.37714285714285717, 1.5614285714285714], "A Bad Moms Christmas": [-0.6942857142857143, 0.28285714285714286], "Captain America: The First Avenger": [0.8842857142857142, 0.43142857142857144], "Avengers: Infinity War": [0.17857142857142858, 1.01], "The Girl in the Spider's Web": [0.21428571428571427, 0.14285714285714285], "Destroyer": [0.12857142857142856, 0.27285714285714285], "Planes": [0.06571428571428571, 0.3871428571428571], "Iron Man 2": [0.16857142857142857, 0.31], "Hellboy": [0.08428571428571428, 0.94], "Fifty Shades Freed": [0.18, 2.525714285714286], "The Imitation Game": [-0.6257142857142857, 0.4357142857142857], "A Simple Favor": [0.32285714285714284, 0.5], "Holiday": [0.2714285714285714, 0.09285714285714286], "A Quiet Place": [0.22, 0.9957142857142857], "The Gunman": [0.018571428571428572, 11.601428571428572], "Ironclad": [0.23857142857142857, 0.46], "Cars": [0.20142857142857143, 0.06571428571428571], "Arctic": [0.16428571428571428, 0.6571428571428571], "The Dark Knight": [-0.06285714285714286, 1.1542857142857144], "Toni Erdmann": [0.2257142857142857, 0.5557142857142857], "To All the Boys I've Loved Before": [0.9414285714285714, 0.5357142857142857], "X-Men: Days of Future Past": [-0.4442857142857143, 0.30857142857142855],