{"Master Z: Ip Man Legacy\n": [0.285, 1.0225], "Spider-Man: Into the Spider-Verse\n": [0.2875, 1.5883333333333334], "Aquaman\n": [0.11416666666666667, 0.30666666666666664], "Fantastic Beasts: The Crimes of Grindelwald\n": [0.9008333333333334, 0.46], "Avengers: Infinity War\n": [0.14416666666666667, 0.7375], "Mary Poppins Returns\n": [0.4091666666666667, 0.5191666666666667], "Green Book\n": [-0.23333333333333334, 0.6325], "Bohemian Rhapsody\n": [0.2025, 1.0291666666666666], "Creed II\n": [0.16583333333333333, 0.16583333333333333], "Black Panther\n": [-0.2675, 0.4575], "Ralph Breaks the Internet\n": [0.3383333333333333, 1.3841666666666668], "Mortal Engines\n": [0.22916666666666666, 0.23416666666666666], "The Mule\n": [0.19166666666666668, 0.46166666666666667], "Kamen Rider Heisei Generations FOREVER\n": [0.21, 1.6866666666666668], "A Star Is Born\n": [0.1425, 1.8141666666666667], "Ant-Man and the Wasp\n": [0.13666666666666666, 7.160833333333334], "Venom\n": [0.13166666666666665, 0.16], "Instant Family\n": [0.35333333333333333, 0.18833333333333332], "Fifty Shades Freed\n": [0.2075, 1.8025], "Second Act\n": [0.31583333333333335, 0.6191666666666666], "Robin Hood\n": [0.25, 0.2683333333333333], "Holiday\n": [0.2941666666666667, 0.4266666666666667], "Bumblebee\n": [0.15916666666666668, 1.1008333333333333], "Deadpool 2\n": [0.15, 0.45166666666666666], "The Favourite\n": [0.27666666666666667, 3.5633333333333335], "Hunter Killer\n": [0.15416666666666667, 0.8883333333333333], "Destroyer\n": [0.13666666666666666, 0.5116666666666667], "Vice\n": [0.165, 1.2183333333333333], "London Fields\n": [0.3375, 0.4875], "Incredibles 2\n": [0.2816666666666667, 0.3875], "The Grinch\n": [0.16416666666666666, 0.9966666666666667], "If Beale Street Could Talk\n": [0.29, 0.3575], "First Man\n": [0.7933333333333333, 1.6416666666666666], "To All the Boys I've Loved Before\n": [0.9583333333333334, 0.6291666666666667], "Jurassic World: Fallen Kingdom\n": [0.085, 2.1366666666666667], "A Simple Favor\n": [0.285, 0.6933333333333334], "Overlord\n": [0.10666666666666667, 7.719166666666666], "The Possession of Hannah Grace\n": [0.06416666666666666, 0.16666666666666666], "Mary Queen of Scots\n": [0.31166666666666665, 1.9808333333333332], "The Girl in the Spider's Web\n": [0.21416666666666667, 0.22916666666666666], "T-34\n": [0.049166666666666664, 0.48333333333333334], "Annihilation\n": [0.0675, 2.285], "Widows\n": [0.13916666666666666, 0.6675], "Bird Box\n": [0.115, 0.22833333333333333], "A.I. Rising\n": [0.245, 1.8175], "Roma\n": [0.06416666666666666, 0.275], "The Equalizer 2\n": [0.11666666666666667, 0.4766666666666667], "Ben Is Back\n": [0.21083333333333334, 0.7433333333333333], "Mission: Impossible - Fallout\n": [-0.7391666666666666, 0.7433333333333333], "Milly & Mamet\n": [0.16416666666666666, 0.6783333333333333], "The Meg\n": [0.17166666666666666, 0.8225], "American Kamasutra\n": [0.009166666666666667, 0.0025], "Ready Player One\n": [0.7258333333333333, 0.22583333333333333], "Bad Times at the El Royale\n": [-0.5966666666666667, 0.5133333333333333], "BlacKkKlansman\n": [0.2808333333333333, 0.2825], "Adrift\n": [0.13333333333333333, 5.895], "The Isle\n": [0.3125, 0.9958333333333333], "Solo: A Star Wars Story\n": [0.30916666666666665, 2.775], "Free Solo\n": [0.7066666666666667, 1.3108333333333333], "Holmes & Watson\n": [0.2275, 0.415], "The Predator\n": [0.25416666666666665, 2.6641666666666666], "The Nun\n": [0.12583333333333332, 0.24083333333333334], "Once Upon a Deadpool\n": [0.3075, 0.4325], "Stan & Ollie\n": [0.3675, 0.5066666666666667], "Night School\n": [0.37333333333333335, 0.43583333333333335], "The Nutcracker and the Four Realms\n": [0.44916666666666666, 0.7608333333333334], "Look Away\n": [0.1075, 1.51], "Johnny English Strikes Again\n": [0.2833333333333333, 0.135], "Mile 22\n": [0.22, 0.47], "The First Purge\n": [0.7258333333333333, 0.2866666666666667], "Goosebumps 2: Haunted Halloween\n": [0.35333333333333333, 0.13], "Halloween\n": [0.22583333333333333, 0.1375], "A Quiet Place\n": [0.22666666666666666, 0.5633333333333334], "Sicario: Day of the Soldado\n": [0.175, 1.3991666666666667], "Replicas\n": [0.1775, 1.2541666666666667], "Den of Thieves\n": [0.11416666666666667, 0.5391666666666667], "Tomb Raider\n": [0.18916666666666668, 0.335], "Smallfoot\n": [0.2633333333333333, 0.7408333333333333], "Upgrade\n": [0.3858333333333333, 0.20333333333333334]}