{"Master Z: Ip Man Legacy": [0.285, 1.0225], "Spider-Man: Into the Spider-Verse": [0.2875, 1.5883333333333334], "Aquaman": [0.11416666666666667, 0.30666666666666664], "Fantastic Beasts: The Crimes of Grindelwald": [0.9008333333333334, 0.46], "Avengers: Infinity War": [0.14416666666666667, 0.7375], "Mary Poppins Returns": [0.4091666666666667, 0.5191666666666667], "Green Book": [-0.23333333333333334, 0.6325], "Bohemian Rhapsody": [0.2025, 1.0291666666666666], "Creed II": [0.16583333333333333, 0.16583333333333333], "Black Panther": [-0.2675, 0.4575], "Ralph Breaks the Internet": [0.3383333333333333, 1.3841666666666668], "Mortal Engines": [0.22916666666666666, 0.23416666666666666], "The Mule": [0.19166666666666668, 0.46166666666666667], "Kamen Rider Heisei Generations FOREVER": [0.21, 1.6866666666666668], "A Star Is Born": [0.1425, 1.8141666666666667], "Ant-Man and the Wasp": [0.13666666666666666, 7.160833333333334], "Venom": [0.13166666666666665, 0.16], "Instant Family": [0.35333333333333333, 0.18833333333333332], "Fifty Shades Freed": [0.2075, 1.8025], "Second Act": [0.31583333333333335, 0.6191666666666666], "Robin Hood": [0.25, 0.2683333333333333], "Holiday": [0.2941666666666667, 0.4266666666666667], "Bumblebee": [0.15916666666666668, 1.1008333333333333], "Deadpool 2": [0.15, 0.45166666666666666], "The Favourite": [0.27666666666666667, 3.5633333333333335], "Hunter Killer": [0.15416666666666667, 0.8883333333333333], "Destroyer": [0.13666666666666666, 0.5116666666666667], "Vice": [0.165, 1.2183333333333333], "London Fields": [0.3375, 0.4875], "Incredibles 2": [0.2816666666666667, 0.3875], "The Grinch": [0.16416666666666666, 0.9966666666666667], "If Beale Street Could Talk": [0.29, 0.3575], "First Man": [0.7933333333333333, 1.6416666666666666], "To All the Boys I've Loved Before": [0.9583333333333334, 0.6291666666666667], "Jurassic World: Fallen Kingdom": [0.085, 2.1366666666666667], "A Simple Favor": [0.285, 0.6933333333333334], "Overlord": [0.10666666666666667, 7.719166666666666], "The Possession of Hannah Grace": [0.06416666666666666, 0.16666666666666666], "Mary Queen of Scots": [0.31166666666666665, 1.9808333333333332], "The Girl in the Spider's Web": [0.21416666666666667, 0.22916666666666666], "T-34": [0.049166666666666664, 0.48333333333333334], "Annihilation": [0.0675, 2.285], "Widows": [0.13916666666666666, 0.6675], "Bird Box": [0.115, 0.22833333333333333], "A.I. Rising": [0.245, 1.8175], "Roma": [0.06416666666666666, 0.275], "The Equalizer 2": [0.11666666666666667, 0.4766666666666667], "Ben Is Back": [0.21083333333333334, 0.7433333333333333], "Mission: Impossible - Fallout": [-0.7391666666666666, 0.7433333333333333], "Milly & Mamet": [0.16416666666666666, 0.6783333333333333], "The Meg": [0.17166666666666666, 0.8225], "American Kamasutra": [0.009166666666666667, 0.0025], "Ready Player One": [0.7258333333333333, 0.22583333333333333], "Bad Times at the El Royale": [-0.5966666666666667, 0.5133333333333333], "BlacKkKlansman": [0.2808333333333333, 0.2825], "Adrift": [0.13333333333333333, 5.895], "The Isle": [0.3125, 0.9958333333333333], "Solo: A Star Wars Story": [0.30916666666666665, 2.775], "Free Solo": [0.7066666666666667, 1.3108333333333333], "Holmes & Watson": [0.2275, 0.415], "The Predator": [0.25416666666666665, 2.6641666666666666], "The Nun": [0.12583333333333332, 0.24083333333333334], "Once Upon a Deadpool": [0.3075, 0.4325], "Stan & Ollie": [0.3675, 0.5066666666666667], "Night School": [0.37333333333333335, 0.43583333333333335], "The Nutcracker and the Four Realms": [0.44916666666666666, 0.7608333333333334], "Look Away": [0.1075, 1.51], "Johnny English Strikes Again": [0.2833333333333333, 0.135], "Mile 22": [0.22, 0.47], "The First Purge": [0.7258333333333333, 0.2866666666666667], "Goosebumps 2: Haunted Halloween": [0.35333333333333333, 0.13], "Halloween": [0.22583333333333333, 0.1375], "A Quiet Place": [0.22666666666666666, 0.5633333333333334], "Sicario: Day of the Soldado": [0.175, 1.3991666666666667], "Replicas": [0.1775, 1.2541666666666667], "Den of Thieves": [0.11416666666666667, 0.5391666666666667], "Tomb Raider": [0.18916666666666668, 0.335], "Smallfoot": [0.2633333333333333, 0.7408333333333333], "Upgrade": [0.3858333333333333, 0.20333333333333334]}